state,state_pcode,lga,lga_pcode,latitude,longitude,area_sqkm
Abia,NG001,Aba North,NG001001,5.10828,7.3421,18.7
Abia,NG001,Aba South,NG001002,5.08425,7.34909,43.3
Abia,NG001,Arochukwu,NG001003,5.51852,7.8694,521.3
Abia,NG001,Bende,NG001004,5.63716,7.56902,618.8
Abia,NG001,Ikwuano,NG001005,5.40928,7.57299,278.4
Abia,NG001,Isiala-Ngwa North,NG001006,5.27979,7.3921,283.6
Abia,NG001,Isiala-Ngwa South,NG001007,5.37976,7.4154,277.0
Abia,NG001,Isiukwuato,NG001008,5.80034,7.47096,382.6
Abia,NG001,Obi Ngwa,NG001009,5.15227,7.44781,403.9
Abia,NG001,Ohafia,NG001010,5.66291,7.83249,440.1
Abia,NG001,Osisioma Ngwa,NG001011,5.17307,7.32438,174.8
Abia,NG001,Ugwunagbo,NG001012,5.0254,7.35481,126.0
Abia,NG001,Ukwa East,NG001013,4.93693,7.4028,282.9
Abia,NG001,Ukwa West,NG001014,4.97925,7.25148,277.4
Abia,NG001,Umu-Nneochi,NG001017,5.972,7.40509,368.1
Abia,NG001,Umuahia North,NG001015,5.60511,7.47718,227.5
Abia,NG001,Umuahia South,NG001016,5.49881,7.43624,135.3
Adamawa,NG002,Demsa,NG002001,9.421,12.06158,1567.9
Adamawa,NG002,Fufore,NG002002,9.24745,12.75536,4730.1
Adamawa,NG002,Ganye,NG002003,8.43774,11.95468,2094.8
Adamawa,NG002,Girei,NG002005,9.42044,12.4602,1193.4
Adamawa,NG002,Gombi,NG002004,10.21915,12.51449,2163.6
Adamawa,NG002,Guyuk,NG002006,9.8491,11.9195,688.4
Adamawa,NG002,Hong,NG002007,10.27076,13.00011,2660.5
Adamawa,NG002,Jada,NG002008,8.70004,12.32738,2603.0
Adamawa,NG002,Lamurde,NG002009,9.55365,11.70147,1105.8
Adamawa,NG002,Madagali,NG002010,10.79924,13.48153,830.7
Adamawa,NG002,Maiha,NG002011,9.87445,13.14138,1356.5
Adamawa,NG002,Mayo-Belwa,NG002012,8.9075,12.04409,2109.0
Adamawa,NG002,Michika,NG002013,10.57853,13.38419,810.7
Adamawa,NG002,Mubi North,NG002014,10.3592,13.36565,753.4
Adamawa,NG002,Mubi South,NG002015,10.17145,13.31206,502.7
Adamawa,NG002,Numan,NG002016,9.45149,11.84109,834.5
Adamawa,NG002,Shelleng,NG002017,9.90315,12.10576,1205.7
Adamawa,NG002,Song,NG002018,9.84109,12.62071,4038.7
Adamawa,NG002,Toungo,NG002019,7.90223,11.87424,5577.6
Adamawa,NG002,Yola North,NG002020,9.25846,12.4402,63.5
Adamawa,NG002,Yola South,NG002021,9.27205,12.26059,931.0
Akwa Ibom,NG003,Abak,NG003001,5.0044,7.79894,178.2
Akwa Ibom,NG003,Eastern Obolo,NG003002,4.51471,7.69643,122.9
Akwa Ibom,NG003,Eket,NG003003,4.63581,7.95718,166.2
Akwa Ibom,NG003,Esit - Eket,NG003004,4.64161,8.07477,169.4
Akwa Ibom,NG003,Essien Udim,NG003005,5.10069,7.65665,289.2
Akwa Ibom,NG003,Etim Ekpo,NG003006,4.95308,7.57061,220.4
Akwa Ibom,NG003,Etinan,NG003007,4.84574,7.84315,172.9
Akwa Ibom,NG003,Ibeno,NG003008,4.56346,8.08897,243.4
Akwa Ibom,NG003,Ibesikpo Asutan,NG003009,4.89636,7.96618,175.1
Akwa Ibom,NG003,Ibiono Ibom,NG003010,5.20024,7.89535,336.2
Akwa Ibom,NG003,Ika,NG003011,5.01641,7.54293,114.7
Akwa Ibom,NG003,Ikono,NG003012,5.17807,7.79329,262.6
Akwa Ibom,NG003,Ikot Abasi,NG003013,4.60888,7.62169,335.7
Akwa Ibom,NG003,Ikot Ekpene,NG003014,5.20044,7.70544,115.9
Akwa Ibom,NG003,Ini,NG003015,5.40397,7.75152,382.9
Akwa Ibom,NG003,Itu,NG003016,5.13849,7.99963,180.3
Akwa Ibom,NG003,Mbo,NG003017,4.62622,8.23591,241.5
Akwa Ibom,NG003,Mkpat Enin,NG003018,4.70473,7.76101,350.3
Akwa Ibom,NG003,Nsit Atai,NG003019,4.81856,8.01398,130.7
Akwa Ibom,NG003,Nsit Ibom,NG003020,4.90363,7.89285,130.7
Akwa Ibom,NG003,Nsit Ubium,NG003021,4.75973,7.94872,200.9
Akwa Ibom,NG003,Obot Akara,NG003022,5.24345,7.6007,234.8
Akwa Ibom,NG003,Okobo,NG003023,4.81342,8.12659,301.1
Akwa Ibom,NG003,Onna,NG003024,4.63873,7.8734,163.9
Akwa Ibom,NG003,Oron,NG003025,4.81573,8.22601,52.1
Akwa Ibom,NG003,Oruk Anam,NG003026,4.82782,7.69682,544.4
Akwa Ibom,NG003,Udung Uko,NG003027,4.74926,8.26546,58.7
Akwa Ibom,NG003,Ukanafun,NG003028,4.87634,7.58544,218.3
Akwa Ibom,NG003,Uruan,NG003029,5.00348,8.07489,346.7
Akwa Ibom,NG003,Urue-Offong/Oruko,NG003030,4.72304,8.15493,115.8
Akwa Ibom,NG003,Uyo,NG003031,4.98822,7.99818,183.6
Anambra,NG004,Aguata,NG004001,5.98252,7.09285,173.5
Anambra,NG004,Anambra East,NG004002,6.31344,6.90046,258.8
Anambra,NG004,Anambra West,NG004003,6.49257,6.77658,953.6
Anambra,NG004,Anaocha,NG004004,6.09115,7.02616,100.8
Anambra,NG004,Awka North,NG004005,6.33975,7.06049,345.4
Anambra,NG004,Awka South,NG004006,6.19303,7.09344,173.4
Anambra,NG004,Ayamelum,NG004007,6.53462,6.9748,590.3
Anambra,NG004,Dunukofia,NG004008,6.27902,6.98014,53.4
Anambra,NG004,Ekwusigo,NG004009,5.99359,6.8387,121.9
Anambra,NG004,Idemili North,NG004010,6.13671,6.89332,132.4
Anambra,NG004,Idemili South,NG004011,6.06113,6.82858,131.3
Anambra,NG004,Ihiala,NG004012,5.84458,6.85813,240.8
Anambra,NG004,Njikoka,NG004013,6.19021,7.00788,97.4
Anambra,NG004,Nnewi North,NG004014,6.01919,6.9149,68.6
Anambra,NG004,Nnewi South,NG004015,5.95806,6.97695,154.2
Anambra,NG004,Ogbaru,NG004016,5.91184,6.75067,517.8
Anambra,NG004,Onitsha North,NG004017,6.16355,6.79748,37.6
Anambra,NG004,Onitsha South,NG004018,6.13972,6.77329,9.9
Anambra,NG004,Orumba North,NG004019,6.11451,7.15968,321.0
Anambra,NG004,Orumba South,NG004020,5.98988,7.20506,188.2
Anambra,NG004,Oyi,NG004021,6.22739,6.90029,135.1
Bauchi,NG005,Alkaleri,NG005001,9.89625,10.44515,6015.1
Bauchi,NG005,Bauchi,NG005002,10.24458,9.95556,3653.8
Bauchi,NG005,Bogoro,NG005003,9.62523,9.6277,890.5
Bauchi,NG005,Damban,NG005004,11.62945,10.76197,1098.2
Bauchi,NG005,Darazo,NG005005,11.10839,10.5096,3052.5
Bauchi,NG005,Dass,NG005006,10.00855,9.47477,688.4
Bauchi,NG005,Gamawa,NG005007,12.02943,10.60841,2936.5
Bauchi,NG005,Ganjuwa,NG005008,10.74718,10.04305,4889.7
Bauchi,NG005,Giade,NG005009,11.40752,10.24185,750.1
Bauchi,NG005,Itas/Gadau,NG005010,11.87941,10.11037,1653.2
Bauchi,NG005,Jama'are,NG005011,11.66738,9.94409,382.5
Bauchi,NG005,Katagum,NG005012,11.66018,10.34509,1326.8
Bauchi,NG005,Kirfi,NG005013,10.44168,10.52453,2268.8
Bauchi,NG005,Misau,NG005014,11.38882,10.46341,997.6
Bauchi,NG005,Ningi,NG005015,11.06335,9.20696,4648.4
Bauchi,NG005,Shira,NG005016,11.46193,10.04302,1370.6
Bauchi,NG005,Tafawa-Balewa,NG005017,9.85774,9.61013,2454.9
Bauchi,NG005,Toro,NG005018,10.3682,9.25214,6877.2
Bauchi,NG005,Warji,NG005019,11.1639,9.7437,658.8
Bauchi,NG005,Zaki,NG005020,12.21215,10.24121,1903.0
Bayelsa,NG006,Brass,NG006001,4.41717,6.10601,943.5
Bayelsa,NG006,Ekeremor,NG006002,4.94131,5.71546,1815.5
Bayelsa,NG006,Kolokuma/Opokuma,NG006003,5.06841,6.24085,350.5
Bayelsa,NG006,Nembe,NG006004,4.5435,6.38135,1403.1
Bayelsa,NG006,Ogbia,NG006005,4.79574,6.31382,678.1
Bayelsa,NG006,Sagbama,NG006006,5.09642,6.12385,948.7
Bayelsa,NG006,Southern Ijaw,NG006007,4.71595,5.88058,2707.3
Bayelsa,NG006,Yenegoa,NG006008,5.06539,6.37224,682.3
Benue,NG007,Ado,NG007001,6.78013,8.06136,1187.1
Benue,NG007,Agatu,NG007002,7.87598,7.89511,1047.7
Benue,NG007,Apa,NG007003,7.63221,7.90533,927.3
Benue,NG007,Buruku,NG007004,7.38595,9.27204,1172.7
Benue,NG007,Gboko,NG007005,7.40536,8.88068,1899.7
Benue,NG007,Guma,NG007006,7.86829,8.82865,2862.7
Benue,NG007,Gwer East,NG007007,7.37636,8.38306,1994.4
Benue,NG007,Gwer West,NG007008,7.61295,8.26524,1431.5
Benue,NG007,Katsina-Ala,NG007009,7.35891,9.58963,2691.1
Benue,NG007,Konshisha,NG007010,7.10902,8.62141,1684.7
Benue,NG007,Kwande,NG007011,6.7776,9.41318,2351.5
Benue,NG007,Logo,NG007012,7.67106,9.24037,1625.6
Benue,NG007,Makurdi,NG007013,7.73548,8.51828,812.2
Benue,NG007,Obi,NG007014,7.02072,8.27244,497.0
Benue,NG007,Ogbadibo,NG007015,7.0214,7.63904,602.8
Benue,NG007,Ohimini,NG007016,7.26002,7.95832,598.7
Benue,NG007,Oju,NG007017,6.87016,8.36362,1190.3
Benue,NG007,Okpokwu,NG007018,7.04413,7.8933,924.5
Benue,NG007,Oturkpo,NG007019,7.32031,8.08696,1363.1
Benue,NG007,Tarka,NG007020,7.60463,8.85851,477.5
Benue,NG007,Ukum,NG007021,7.64954,9.67692,1783.5
Benue,NG007,Ushongo,NG007022,7.08219,9.0067,1380.0
Benue,NG007,Vandeikya,NG007023,6.84351,9.07869,977.8
Borno,NG008,Abadam,NG008001,13.39478,13.27447,3916.3
Borno,NG008,Askira/Uba,NG008002,10.63665,12.84627,2499.5
Borno,NG008,Bama,NG008003,11.54128,14.15376,5017.7
Borno,NG008,Bayo,NG008004,10.44725,11.70468,946.9
Borno,NG008,Biu,NG008005,10.80412,12.12251,3282.3
Borno,NG008,Chibok,NG008006,10.85562,12.82267,1519.5
Borno,NG008,Damboa,NG008007,11.13676,12.73953,5823.8
Borno,NG008,Dikwa,NG008008,11.93475,14.08376,1890.9
Borno,NG008,Gubio,NG008009,12.70879,12.76046,2623.0
Borno,NG008,Guzamala,NG008010,12.83553,13.31917,2515.5
Borno,NG008,Gwoza,NG008011,11.17721,13.63155,2932.5
Borno,NG008,Hawul,NG008012,10.45743,12.29458,2012.9
Borno,NG008,Jere,NG008013,11.92694,13.18697,843.3
Borno,NG008,Kaga,NG008014,11.58789,12.48621,2574.7
Borno,NG008,Kala/Balge,NG008015,12.05785,14.48634,1877.9
Borno,NG008,Konduga,NG008016,11.68676,13.18348,5958.9
Borno,NG008,Kukawa,NG008017,13.04582,13.7178,4914.7
Borno,NG008,Kwaya Kusar,NG008018,10.43091,11.9065,747.3
Borno,NG008,Mafa,NG008019,12.04637,13.54125,2853.5
Borno,NG008,Magumeri,NG008020,12.22527,12.71197,4728.7
Borno,NG008,Maiduguri,NG008021,11.83471,13.13357,139.9
Borno,NG008,Marte,NG008022,12.40645,13.85788,2958.2
Borno,NG008,Mobbar,NG008023,13.0552,12.62657,2704.7
Borno,NG008,Monguno,NG008024,12.52256,13.53365,1892.2
Borno,NG008,Ngala,NG008025,12.29337,14.19903,1443.4
Borno,NG008,Nganzai,NG008026,12.45905,13.10732,2313.5
Borno,NG008,Shani,NG008027,10.19307,11.95265,1225.1
Cross River,NG009,Abi,NG009001,5.88299,8.02916,267.9
Cross River,NG009,Akamkpa,NG009002,5.38761,8.52823,5028.5
Cross River,NG009,Akpabuyo,NG009003,4.9012,8.4823,793.4
Cross River,NG009,Bakassi,NG009005,4.80714,8.56236,4.2
Cross River,NG009,Bekwara,NG009006,6.7051,8.89397,314.8
Cross River,NG009,Biase,NG009007,5.54737,8.05203,1292.7
Cross River,NG009,Boki,NG009008,6.27065,9.04286,2885.6
Cross River,NG009,Calabar South,NG009009,4.87796,8.31193,188.6
Cross River,NG009,Calabar-Municipal,NG009010,5.01925,8.34685,137.5
Cross River,NG009,Etung,NG009011,5.87848,8.80857,812.5
Cross River,NG009,Ikom,NG009012,6.06133,8.66787,1967.8
Cross River,NG009,Obanliku,NG009013,6.49427,9.35416,938.5
Cross River,NG009,Obubra,NG009014,6.01531,8.41467,1144.7
Cross River,NG009,Obudu,NG009015,6.56036,9.08028,467.8
Cross River,NG009,Odukpani,NG009016,5.17935,8.20539,1354.6
Cross River,NG009,Ogoja,NG009017,6.52681,8.68896,912.8
Cross River,NG009,Yakurr,NG009018,5.81761,8.17791,659.1
Cross River,NG009,Yala,NG009019,6.58742,8.5122,1783.9
Delta,NG010,Aniocha North,NG010001,6.36799,6.47028,404.5
Delta,NG010,Aniocha South,NG010002,6.14492,6.4739,870.5
Delta,NG010,Bomadi,NG010003,5.22553,5.80973,128.7
Delta,NG010,Burutu,NG010004,5.23414,5.57101,1933.6
Delta,NG010,Ethiope East,NG010005,5.66729,5.97213,379.8
Delta,NG010,Ethiope West,NG010006,5.91132,5.77586,537.1
Delta,NG010,Ika North East,NG010007,6.23677,6.32093,467.7
Delta,NG010,Ika South,NG010008,6.18731,6.13356,435.6
Delta,NG010,Isoko North,NG010009,5.51388,6.12626,482.1
Delta,NG010,Isoko South,NG010010,5.39735,6.2135,689.7
Delta,NG010,Ndokwa East,NG010011,5.66304,6.50312,1609.2
Delta,NG010,Ndokwa West,NG010012,5.8261,6.41636,821.9
Delta,NG010,Okpe,NG010013,5.69997,5.74271,480.3
Delta,NG010,Oshimili North,NG010014,6.30432,6.6447,510.2
Delta,NG010,Oshimili South,NG010015,6.13036,6.73073,266.4
Delta,NG010,Patani,NG010016,5.18961,6.10387,226.1
Delta,NG010,Sapele,NG010017,5.83616,5.65904,429.1
Delta,NG010,Udu,NG010018,5.47698,5.8121,165.8
Delta,NG010,Ughelli North,NG010019,5.48688,6.01143,831.0
Delta,NG010,Ughelli South,NG010020,5.36021,5.96778,770.0
Delta,NG010,Ukwuani,NG010021,5.84944,6.25206,408.7
Delta,NG010,Uvwie,NG010022,5.56797,5.77983,112.4
Delta,NG010,Warri North,NG010023,5.93064,5.13695,1835.7
Delta,NG010,Warri South,NG010024,5.66735,5.60257,585.7
Delta,NG010,Warri South West,NG010025,5.60559,5.33201,1695.0
Ebonyi,NG011,Abakaliki,NG011001,6.25661,8.24424,463.4
Ebonyi,NG011,Afikpo North,NG011002,5.8584,7.92298,239.1
Ebonyi,NG011,Afikpo South,NG011003,5.82746,7.78391,377.0
Ebonyi,NG011,Ebonyi,NG011004,6.55762,8.11196,506.1
Ebonyi,NG011,Ezza North,NG011005,6.26368,7.97949,413.5
Ebonyi,NG011,Ezza South,NG011006,6.12604,7.99828,264.1
Ebonyi,NG011,Ikwo,NG011007,6.0814,8.17851,655.6
Ebonyi,NG011,Ishielu,NG011008,6.40961,7.84359,695.1
Ebonyi,NG011,Ivo,NG011009,5.91383,7.64066,266.7
Ebonyi,NG011,Izzi,NG011010,6.52472,8.27506,1083.9
Ebonyi,NG011,Ohaozara,NG011011,6.00203,7.78838,333.4
Ebonyi,NG011,Ohaukwu,NG011012,6.53889,8.00827,602.5
Ebonyi,NG011,Onicha,NG011013,6.11853,7.8166,439.2
Edo,NG012,Akoko-Edo,NG012001,7.35239,6.12524,1341.6
Edo,NG012,Egor,NG012002,6.35717,5.58687,76.1
Edo,NG012,Esan Central,NG012003,6.70471,6.20793,264.0
Edo,NG012,Esan North East,NG012004,6.78045,6.42212,342.0
Edo,NG012,Esan South East,NG012005,6.57681,6.48608,1305.5
Edo,NG012,Esan West,NG012006,6.65465,6.13966,515.3
Edo,NG012,Etsako Central,NG012007,6.97566,6.51589,662.7
Edo,NG012,Etsako East,NG012008,7.18764,6.51631,1131.7
Edo,NG012,Etsako West,NG012009,7.00147,6.30193,938.7
Edo,NG012,Igueben,NG012010,6.50944,6.24747,349.5
Edo,NG012,Ikpoba-Okha,NG012011,6.19977,5.66225,857.1
Edo,NG012,Oredo,NG012012,6.23302,5.56381,250.4
Edo,NG012,Orhionmwon,NG012013,6.08842,5.94836,2410.8
Edo,NG012,Ovia North East,NG012014,6.39677,5.50307,2338.0
Edo,NG012,Ovia South West,NG012015,6.4715,5.29944,2771.8
Edo,NG012,Owan East,NG012016,7.02885,6.10572,1228.1
Edo,NG012,Owan West,NG012017,6.93397,5.88707,739.9
Edo,NG012,Uhunmwonde,NG012018,6.52594,5.90007,1991.2
Ekiti,NG013,Ado Ekiti,NG013001,7.62739,5.25177,361.1
Ekiti,NG013,Aiyekire (Gbonyin),NG013002,7.60171,5.51244,434.5
Ekiti,NG013,Efon,NG013003,7.6812,4.93083,230.2
Ekiti,NG013,Ekiti East,NG013004,7.7248,5.66416,314.5
Ekiti,NG013,Ekiti South West,NG013005,7.52346,5.03336,336.0
Ekiti,NG013,Ekiti West,NG013006,7.71942,5.04457,374.2
Ekiti,NG013,Emure,NG013007,7.4155,5.50871,249.9
Ekiti,NG013,Ido-Osi,NG013008,7.86335,5.19694,230.9
Ekiti,NG013,Ijero,NG013009,7.83174,5.05836,376.9
Ekiti,NG013,Ikere,NG013010,7.49361,5.20922,237.3
Ekiti,NG013,Ikole,NG013011,7.88315,5.51565,1070.2
Ekiti,NG013,Ilejemeji,NG013012,7.96025,5.2307,94.7
Ekiti,NG013,Irepodun/Ifelodun,NG013013,7.70632,5.33901,326.9
Ekiti,NG013,Ise/Orun,NG013014,7.41528,5.38669,413.8
Ekiti,NG013,Moba,NG013015,7.99315,5.13119,197.2
Ekiti,NG013,Oye,NG013016,7.88054,5.33753,505.8
Enugu,NG014,Aninri,NG014001,6.06793,7.59711,369.6
Enugu,NG014,Awgu,NG014002,6.17313,7.45125,441.6
Enugu,NG014,Enugu East,NG014003,6.5586,7.55743,392.0
Enugu,NG014,Enugu North,NG014004,6.44108,7.53832,93.3
Enugu,NG014,Enugu South,NG014005,6.39271,7.51625,75.3
Enugu,NG014,Ezeagu,NG014006,6.41706,7.23796,638.2
Enugu,NG014,Igbo-Etiti,NG014007,6.69041,7.39218,334.0
Enugu,NG014,Igbo-Eze North,NG014008,7.01794,7.46799,304.0
Enugu,NG014,Igbo-Eze South,NG014009,6.95599,7.36209,170.1
Enugu,NG014,Isi-Uzo,NG014010,6.739,7.70744,845.7
Enugu,NG014,Nkanu East,NG014011,6.33503,7.67259,760.2
Enugu,NG014,Nkanu West,NG014012,6.32815,7.5344,254.9
Enugu,NG014,Nsukka,NG014013,6.84727,7.37151,556.3
Enugu,NG014,Oji-River,NG014014,6.16549,7.30302,411.4
Enugu,NG014,Udenu,NG014015,6.8977,7.56103,256.9
Enugu,NG014,Udi,NG014016,6.43615,7.39874,890.9
Enugu,NG014,Uzo-Uwani,NG014017,6.68861,7.1583,841.7
Federal Capital Territory,NG015,Abaji,NG015001,8.83961,6.81854,832.0
Federal Capital Territory,NG015,Abuja Municipal,NG015002,8.88218,7.4181,1722.8
Federal Capital Territory,NG015,Bwari,NG015003,9.23255,7.47,1045.9
Federal Capital Territory,NG015,Gwagwalada,NG015004,9.07551,7.05435,1001.1
Federal Capital Territory,NG015,Kuje,NG015005,8.69632,7.27827,1532.4
Federal Capital Territory,NG015,Kwali,NG015006,8.71739,6.96268,1252.5
Gombe,NG016,Akko,NG016001,10.105,10.99443,2452.5
Gombe,NG016,Balanga,NG016002,9.81612,11.71644,1604.1
Gombe,NG016,Billiri,NG016003,9.84245,11.1273,761.6
Gombe,NG016,Dukku,NG016004,10.78728,10.82156,3692.6
Gombe,NG016,Funakaye,NG016005,10.81425,11.44433,1592.5
Gombe,NG016,Gombe,NG016006,10.29494,11.15809,45.2
Gombe,NG016,Kaltungo,NG016007,9.84091,11.43224,1153.1
Gombe,NG016,Kwami,NG016008,10.49466,11.18437,1718.5
Gombe,NG016,Nafada,NG016009,11.05111,11.24653,1578.0
Gombe,NG016,Shomgom,NG016010,9.74969,11.24702,867.8
Gombe,NG016,Yamaltu/Deba,NG016011,10.31465,11.37241,1960.8
Imo,NG017,Aboh-Mbaise,NG017001,5.41889,7.25912,176.2
Imo,NG017,Ahiazu-Mbaise,NG017002,5.5632,7.26363,113.9
Imo,NG017,Ehime-Mbano,NG017003,5.68845,7.29639,174.3
Imo,NG017,Ezinihitte,NG017004,5.47337,7.32239,120.4
Imo,NG017,Ideato North,NG017005,5.86898,7.20631,182.2
Imo,NG017,Ideato South,NG017006,5.81624,7.12345,104.2
Imo,NG017,Ihitte/Uboma,NG017007,5.64695,7.38186,108.4
Imo,NG017,Ikeduru,NG017008,5.56304,7.1505,181.1
Imo,NG017,Isiala Mbano,NG017009,5.68077,7.19714,153.5
Imo,NG017,Isu,NG017010,5.68804,7.05251,52.6
Imo,NG017,Mbaitoli,NG017011,5.59819,7.01605,200.0
Imo,NG017,Ngor-Okpala,NG017012,5.32742,7.1575,542.2
Imo,NG017,Njaba,NG017013,5.701,7.00107,78.5
Imo,NG017,Nkwerre,NG017014,5.74997,7.10038,35.0
Imo,NG017,Nwangele,NG017015,5.70937,7.1199,69.6
Imo,NG017,Obowo,NG017016,5.56037,7.36113,86.4
Imo,NG017,Oguta,NG017017,5.65512,6.78052,422.3
Imo,NG017,Ohaji/Egbema,NG017018,5.42551,6.84844,895.8
Imo,NG017,Okigwe,NG017019,5.82119,7.32072,306.9
Imo,NG017,Orlu,NG017020,5.8187,7.03355,122.7
Imo,NG017,Orsu,NG017021,5.84594,6.96697,75.1
Imo,NG017,Oru East,NG017022,5.72936,6.94704,131.4
Imo,NG017,Oru West,NG017023,5.75865,6.90632,96.7
Imo,NG017,Owerri North,NG017024,5.43176,7.10773,193.9
Imo,NG017,Owerri West,NG017025,5.40683,6.98512,286.3
Imo,NG017,Owerri-Municipal,NG017026,5.4799,7.02198,56.3
Imo,NG017,Unuimo,NG017027,5.79681,7.22481,107.7
Jigawa,NG018,Auyo,NG018001,12.33805,9.91936,424.1
Jigawa,NG018,Babura,NG018002,12.61281,8.83831,1002.0
Jigawa,NG018,Biriniwa,NG018003,12.82497,10.09204,1592.8
Jigawa,NG018,Birni Kudu,NG018004,11.49041,9.46174,1403.6
Jigawa,NG018,Buji,NG018005,11.54765,9.71537,568.8
Jigawa,NG018,Dutse,NG018006,11.80509,9.25824,1029.2
Jigawa,NG018,Gagarawa,NG018007,12.49288,9.52702,582.8
Jigawa,NG018,Garki,NG018008,12.40898,9.1081,1409.3
Jigawa,NG018,Gumel,NG018009,12.63174,9.39936,227.4
Jigawa,NG018,Guri,NG018010,12.64529,10.48147,1064.1
Jigawa,NG018,Gwaram,NG018011,11.20888,10.07111,1858.6
Jigawa,NG018,Gwiwa,NG018012,12.74442,8.28235,451.5
Jigawa,NG018,Hadejia,NG018013,12.47445,10.04788,32.2
Jigawa,NG018,Jahun,NG018014,12.06543,9.56099,1246.0
Jigawa,NG018,Kafin Hausa,NG018015,12.16895,9.97775,1371.2
Jigawa,NG018,Kaugama,NG018016,12.55936,9.76735,817.3
Jigawa,NG018,Kazaure,NG018017,12.66061,8.45064,382.1
Jigawa,NG018,Kiri Kasamma,NG018018,12.59976,10.25752,829.8
Jigawa,NG018,Kiyawa,NG018019,11.81169,9.52472,1031.5
Jigawa,NG018,Maigatari,NG018020,12.68645,9.61718,964.6
Jigawa,NG018,Malam Madori,NG018021,12.5332,9.95324,806.6
Jigawa,NG018,Miga,NG018022,12.22488,9.67757,569.1
Jigawa,NG018,Ringim,NG018023,12.1699,9.14846,1020.9
Jigawa,NG018,Roni,NG018024,12.57227,8.38201,304.2
Jigawa,NG018,Sule-Tankarkar,NG018025,12.63421,9.17485,1232.6
Jigawa,NG018,Taura,NG018026,12.27916,9.35272,655.7
Jigawa,NG018,Yankwashi,NG018027,12.74267,8.50295,338.1
Kaduna,NG019,Birnin-Gwari,NG019001,10.88233,6.65432,6529.2
Kaduna,NG019,Chikun,NG019002,10.41125,7.30374,4482.2
Kaduna,NG019,Giwa,NG019003,11.1193,7.40977,1985.6
Kaduna,NG019,Igabi,NG019004,10.7426,7.48357,3391.9
Kaduna,NG019,Ikara,NG019005,11.31368,8.14744,940.8
Kaduna,NG019,Jaba,NG019006,9.47617,8.02436,454.5
Kaduna,NG019,Jema'a,NG019007,9.39903,8.2621,1416.3
Kaduna,NG019,Kachia,NG019008,9.85956,7.67596,4590.6
Kaduna,NG019,Kaduna North,NG019009,10.54452,7.45015,59.4
Kaduna,NG019,Kaduna South,NG019010,10.51088,7.39984,52.7
Kaduna,NG019,Kagarko,NG019011,9.49358,7.58513,1910.9
Kaduna,NG019,Kajuru,NG019012,10.26253,7.86185,2512.2
Kaduna,NG019,Kaura,NG019013,9.62023,8.44358,519.0
Kaduna,NG019,Kauru,NG019014,10.22014,8.31848,3009.0
Kaduna,NG019,Kubau,NG019015,10.85699,8.37394,2362.0
Kaduna,NG019,Kudan,NG019016,11.26793,7.71922,334.1
Kaduna,NG019,Lere,NG019017,10.33702,8.58055,2301.1
Kaduna,NG019,Markafi,NG019018,11.3274,7.95579,572.3
Kaduna,NG019,Sabon-Gari,NG019019,11.17879,7.67599,262.6
Kaduna,NG019,Sanga,NG019020,9.25129,8.43737,1494.0
Kaduna,NG019,Soba,NG019021,10.95356,8.05349,2247.9
Kaduna,NG019,Zango-Kataf,NG019022,9.83907,8.2778,2333.1
Kaduna,NG019,Zaria,NG019023,11.01879,7.64598,393.9
Kano,NG020,Ajingi,NG020001,11.99155,9.07503,714.4
Kano,NG020,Albasu,NG020002,11.62669,9.0294,444.1
Kano,NG020,Bagwai,NG020003,12.09819,8.12494,422.7
Kano,NG020,Bebeji,NG020004,11.52551,8.32778,724.6
Kano,NG020,Bichi,NG020005,12.2882,8.301,687.8
Kano,NG020,Bunkure,NG020006,11.67249,8.55345,441.5
Kano,NG020,Dala,NG020007,12.02695,8.49352,13.4
Kano,NG020,Dambatta,NG020008,12.42522,8.64198,790.0
Kano,NG020,Dawakin Kudu,NG020009,11.79473,8.70835,384.5
Kano,NG020,Dawakin Tofa,NG020010,12.14688,8.38219,437.4
Kano,NG020,Doguwa,NG020011,10.88956,8.66953,1489.3
Kano,NG020,Fagge,NG020012,12.02686,8.52358,38.6
Kano,NG020,Gabasawa,NG020013,12.13699,8.86643,610.9
Kano,NG020,Garko,NG020014,11.55077,8.84248,441.9
Kano,NG020,Garum Mallam,NG020015,11.66026,8.393,227.8
Kano,NG020,Gaya,NG020016,11.79273,9.01791,567.8
Kano,NG020,Gezawa,NG020017,12.05692,8.74133,338.9
Kano,NG020,Gwale,NG020018,11.97783,8.48361,23.6
Kano,NG020,Gwarzo,NG020019,11.90338,7.98441,436.3
Kano,NG020,Kabo,NG020020,11.89782,8.19665,372.2
Kano,NG020,Kano Municipal,NG020021,11.97961,8.5157,17.2
Kano,NG020,Karaye,NG020022,11.74956,7.98612,449.9
Kano,NG020,Kibiya,NG020023,11.49256,8.68283,436.5
Kano,NG020,Kiru,NG020024,11.55266,8.11425,904.5
Kano,NG020,Kumbotso,NG020025,11.9209,8.51959,191.6
Kano,NG020,Kunchi,NG020026,12.4678,8.2673,520.8
Kano,NG020,Kura,NG020027,11.77501,8.47804,196.0
Kano,NG020,Madobi,NG020028,11.81336,8.37013,257.9
Kano,NG020,Makoda,NG020029,12.42177,8.44178,401.9
Kano,NG020,Minjibir,NG020030,12.1926,8.62127,431.5
Kano,NG020,Nasarawa,NG020031,12.00443,8.58503,41.7
Kano,NG020,Rano,NG020032,11.48403,8.51005,517.4
Kano,NG020,Rimin Gado,NG020033,11.92691,8.3235,266.8
Kano,NG020,Rogo,NG020034,11.50882,7.86331,798.5
Kano,NG020,Shanono,NG020035,12.08694,7.92907,508.1
Kano,NG020,Sumaila,NG020036,11.32509,8.96054,1249.6
Kano,NG020,Takai,NG020037,11.48745,9.13942,598.2
Kano,NG020,Tarauni,NG020038,11.96444,8.55611,26.7
Kano,NG020,Tofa,NG020039,12.01454,8.34059,190.7
Kano,NG020,Tsanyawa,NG020040,12.27793,8.00221,535.8
Kano,NG020,Tudun Wada,NG020041,11.20852,8.51211,1226.8
Kano,NG020,Ungogo,NG020042,12.04197,8.60562,222.9
Kano,NG020,Warawa,NG020043,11.89853,8.76492,363.8
Kano,NG020,Wudil,NG020044,11.75916,8.85111,362.0
Katsina,NG021,Bakori,NG021001,11.64567,7.4289,753.8
Katsina,NG021,Batagarawa,NG021002,12.87906,7.53056,523.9
Katsina,NG021,Batsari,NG021003,12.82686,7.25837,1178.5
Katsina,NG021,Baure,NG021004,12.79356,8.78159,789.6
Katsina,NG021,Bindawa,NG021005,12.70928,7.87762,497.4
Katsina,NG021,Charanchi,NG021006,12.55457,7.6774,488.8
Katsina,NG021,Dan Musa,NG021007,12.21635,7.35166,807.5
Katsina,NG021,Dandume,NG021008,11.41432,7.20641,479.1
Katsina,NG021,Danja,NG021009,11.41049,7.59617,482.6
Katsina,NG021,Daura,NG021010,12.96031,8.26513,191.5
Katsina,NG021,Dutsi,NG021011,12.91625,8.15731,325.4
Katsina,NG021,Dutsin-Ma,NG021012,12.41525,7.52493,647.4
Katsina,NG021,Faskari,NG021013,11.65549,7.09388,1682.5
Katsina,NG021,Funtua,NG021014,11.43357,7.34446,422.3
Katsina,NG021,Ingawa,NG021015,12.60771,8.14466,789.5
Katsina,NG021,Jibia,NG021016,13.00457,7.40712,1066.9
Katsina,NG021,Kafur,NG021017,11.63565,7.71857,1013.6
Katsina,NG021,Kaita,NG021018,13.17898,7.78231,714.3
Katsina,NG021,Kankara,NG021019,12.01976,7.34718,1395.0
Katsina,NG021,Kankia,NG021020,12.43764,7.79189,754.5
Katsina,NG021,Katsina,NG021021,13.00892,7.61306,148.0
Katsina,NG021,Kurfi,NG021022,12.68704,7.48652,576.6
Katsina,NG021,Kusada,NG021023,12.45746,7.97368,455.8
Katsina,NG021,Mai'adua,NG021024,13.1532,8.20893,619.4
Katsina,NG021,Malumfashi,NG021025,11.8455,7.67903,806.0
Katsina,NG021,Mani,NG021026,12.90916,7.93937,670.6
Katsina,NG021,Mashi,NG021027,13.11941,7.99683,938.3
Katsina,NG021,Matazu,NG021028,12.2403,7.65088,539.8
Katsina,NG021,Musawa,NG021029,12.10557,7.67838,787.8
Katsina,NG021,Rimi,NG021030,12.89776,7.71935,484.9
Katsina,NG021,Sabuwa,NG021031,11.33592,7.09658,695.2
Katsina,NG021,Safana,NG021032,12.50095,7.22804,1389.5
Katsina,NG021,Sandamu,NG021033,12.91968,8.38246,327.1
Katsina,NG021,Zango,NG021034,12.95057,8.5474,519.4
Kebbi,NG022,Aleiro,NG022001,12.31988,4.45685,334.9
Kebbi,NG022,Arewa-Dandi,NG022002,12.68518,4.01617,4021.7
Kebbi,NG022,Argungu,NG022003,12.70736,4.4836,1097.1
Kebbi,NG022,Augie,NG022004,12.9417,4.55357,1139.9
Kebbi,NG022,Bagudo,NG022005,11.31468,3.85336,5084.2
Kebbi,NG022,Birnin Kebbi,NG022006,12.49877,4.2906,1072.1
Kebbi,NG022,Bunza,NG022007,12.19341,3.9375,1103.6
Kebbi,NG022,Dandi,NG022008,11.86128,3.80084,1942.7
Kebbi,NG022,Fakai,NG022009,11.47485,4.92469,2244.9
Kebbi,NG022,Gwandu,NG022010,12.50052,4.65973,1051.7
Kebbi,NG022,Jega,NG022011,12.09886,4.47507,965.9
Kebbi,NG022,Kalgo,NG022012,12.38613,4.05769,607.2
Kebbi,NG022,Koko/Besse,NG022013,11.44467,4.47654,1343.3
Kebbi,NG022,Maiyama,NG022014,12.00755,4.2901,1334.0
Kebbi,NG022,Ngaski,NG022015,10.58503,4.72145,2605.9
Kebbi,NG022,Sakaba,NG022016,11.17491,5.59528,1452.3
Kebbi,NG022,Shanga,NG022017,11.21109,4.59708,2711.9
Kebbi,NG022,Suru,NG022018,11.78401,4.13322,1568.1
Kebbi,NG022,Wasagu/Danko,NG022019,11.42274,5.73074,4094.8
Kebbi,NG022,Yauri,NG022020,10.75476,4.72648,122.8
Kebbi,NG022,Zuru,NG022021,11.41285,5.27942,697.4
Kogi,NG023,Adavi,NG023001,7.68441,6.4667,713.4
Kogi,NG023,Ajaokuta,NG023002,7.50297,6.56939,1380.9
Kogi,NG023,Ankpa,NG023003,7.49644,7.62738,1281.4
Kogi,NG023,Bassa,NG023004,7.7468,6.96107,1935.0
Kogi,NG023,Dekina,NG023005,7.59632,7.1403,2407.1
Kogi,NG023,Ibaji,NG023006,6.77873,6.75845,1335.0
Kogi,NG023,Idah,NG023007,7.07174,6.73456,134.2
Kogi,NG023,Igalamela-Odolu,NG023008,7.03792,7.07208,2114.0
Kogi,NG023,Ijumu,NG023009,7.83755,5.89404,1282.5
Kogi,NG023,Kabba/Bunu,NG023010,8.07188,6.14115,2693.2
Kogi,NG023,Kogi,NG023011,8.12703,6.85561,1494.1
Kogi,NG023,Lokoja,NG023012,8.23918,6.55406,3201.5
Kogi,NG023,Mopa-Muro,NG023013,8.14045,5.90252,833.2
Kogi,NG023,Ofu,NG023014,7.32949,7.06897,1715.4
Kogi,NG023,Ogori/Magongo,NG023015,7.47867,6.15587,79.3
Kogi,NG023,Okehi,NG023016,7.72412,6.33559,661.1
Kogi,NG023,Okene,NG023017,7.45519,6.39297,298.3
Kogi,NG023,Olamabolo,NG023018,7.17822,7.48205,990.5
Kogi,NG023,Omala,NG023019,7.77783,7.56589,1591.6
Kogi,NG023,Yagba East,NG023020,8.13594,5.71921,1472.7
Kogi,NG023,Yagba West,NG023021,8.27676,5.55165,1285.1
Kwara,NG024,Asa,NG024001,8.46913,4.38153,1335.8
Kwara,NG024,Baruten,NG024002,9.37994,3.48075,9677.8
Kwara,NG024,Edu,NG024003,8.84539,5.21208,2534.7
Kwara,NG024,Ekiti,NG024004,8.10703,5.32431,475.3
Kwara,NG024,Ifelodun,NG024005,8.6327,5.17888,3438.4
Kwara,NG024,Ilorin East,NG024006,8.62855,4.8226,451.2
Kwara,NG024,Ilorin South,NG024007,8.47944,4.65524,245.5
Kwara,NG024,Ilorin West,NG024008,8.48983,4.49802,149.0
Kwara,NG024,Irepodun,NG024009,8.19354,4.85832,701.0
Kwara,NG024,Isin,NG024010,8.25791,5.03885,631.2
Kwara,NG024,Kaiama,NG024011,9.53602,4.11481,6935.9
Kwara,NG024,Moro,NG024012,8.83834,4.51432,3120.5
Kwara,NG024,Offa,NG024013,8.16306,4.69026,94.3
Kwara,NG024,Oke-Ero,NG024014,8.18032,5.29644,435.7
Kwara,NG024,Oyun,NG024015,8.19985,4.63164,508.8
Kwara,NG024,Pategi,NG024016,8.67046,5.81727,2908.6
Lagos,NG025,Agege,NG025001,6.62601,3.3151,11.5
Lagos,NG025,Ajeromi-Ifelodun,NG025002,6.45589,3.33683,12.8
Lagos,NG025,Alimosho,NG025003,6.58434,3.26019,183.6
Lagos,NG025,Amuwo-Odofin,NG025004,6.44606,3.27479,138.8
Lagos,NG025,Apapa,NG025005,6.4484,3.36684,20.1
Lagos,NG025,Badagry,NG025006,6.44341,2.96957,452.5
Lagos,NG025,Epe,NG025007,6.52699,4.05814,1180.8
Lagos,NG025,Eti-Osa,NG025008,6.46311,3.58295,191.0
Lagos,NG025,Ibeju/Lekki,NG025009,6.49512,3.81598,452.0
Lagos,NG025,Ifako-Ijaye,NG025010,6.66055,3.32182,33.1
Lagos,NG025,Ikeja,NG025011,6.60457,3.34523,46.6
Lagos,NG025,Ikorodu,NG025012,6.60611,3.5758,398.9
Lagos,NG025,Kosofe,NG025013,6.58413,3.41737,81.6
Lagos,NG025,Lagos Island,NG025014,6.4504,3.39382,8.6
Lagos,NG025,Lagos Mainland,NG025015,6.495,3.38572,23.5
Lagos,NG025,Mushin,NG025016,6.52911,3.35259,16.6
Lagos,NG025,Ojo,NG025017,6.4625,3.16612,161.7
Lagos,NG025,Oshodi-Isolo,NG025018,6.53293,3.31283,44.1
Lagos,NG025,Shomolu,NG025019,6.5418,3.38393,11.2
Lagos,NG025,Surulere,NG025020,6.48878,3.34502,19.5
Nasarawa,NG026,Akwanga,NG026001,9.02821,8.34413,935.8
Nasarawa,NG026,Awe,NG026002,8.21346,9.16528,2641.1
Nasarawa,NG026,Doma,NG026003,8.15641,8.31504,2488.0
Nasarawa,NG026,Karu,NG026004,9.03685,7.76143,2885.2
Nasarawa,NG026,Keana,NG026005,8.20479,8.71742,1165.4
Nasarawa,NG026,Keffi,NG026006,8.85687,7.86803,112.8
Nasarawa,NG026,Kokona,NG026007,8.75627,8.08685,2555.4
Nasarawa,NG026,Lafia,NG026008,8.71643,8.80041,2657.5
Nasarawa,NG026,Nasarawa,NG026009,8.32168,7.74713,4854.2
Nasarawa,NG026,Nasarawa-Eggon,NG026010,8.74569,8.47419,1258.4
Nasarawa,NG026,Obi,NG026011,8.36983,8.73596,1016.4
Nasarawa,NG026,Toto,NG026012,8.26165,7.19716,2983.1
Nasarawa,NG026,Wamba,NG026013,9.01237,8.7349,1210.5
Niger,NG027,Agaie,NG027001,8.93362,6.43043,1920.0
Niger,NG027,Agwara,NG027002,10.73333,4.53867,1471.6
Niger,NG027,Bida,NG027003,9.09942,6.01566,52.1
Niger,NG027,Borgu,NG027004,10.24136,4.08349,11255.5
Niger,NG027,Bosso,NG027005,9.59785,6.34522,1519.7
Niger,NG027,Chanchaga,NG027006,9.6198,6.54511,63.2
Niger,NG027,Edati,NG027007,9.04689,5.63849,911.4
Niger,NG027,Gbako,NG027008,9.27904,5.99737,1750.3
Niger,NG027,Gurara,NG027009,9.30603,7.03707,1130.9
Niger,NG027,Katcha,NG027010,9.11881,6.24362,1650.7
Niger,NG027,Kontagora,NG027011,10.43627,5.51427,1772.3
Niger,NG027,Lapai,NG027012,8.78113,6.67443,3030.4
Niger,NG027,Lavun,NG027013,9.42834,5.65168,2589.3
Niger,NG027,Magama,NG027014,10.29522,5.01462,4056.2
Niger,NG027,Mariga,NG027015,10.60982,5.8634,5771.1
Niger,NG027,Mashegu,NG027016,9.82019,5.24913,9300.5
Niger,NG027,Mokwa,NG027017,9.12147,5.32382,5301.0
Niger,NG027,Muya,NG027018,9.79731,7.07878,2086.8
Niger,NG027,Paikoro,NG027019,9.49304,6.83768,2088.8
Niger,NG027,Rafi,NG027020,10.2147,6.22106,3681.9
Niger,NG027,Rijau,NG027021,11.04304,5.22651,3119.2
Niger,NG027,Shiroro,NG027022,10.08432,6.69841,5230.0
Niger,NG027,Suleja,NG027023,9.19668,7.17503,129.2
Niger,NG027,Tafa,NG027024,9.2477,7.26278,241.5
Niger,NG027,Wushishi,NG027025,9.71019,5.91203,1810.9
Ogun,NG028,Abeokuta North,NG028001,7.24345,3.17281,768.5
Ogun,NG028,Abeokuta South,NG028002,7.15641,3.36712,56.3
Ogun,NG028,Ado-Odo/Ota,NG028003,6.62968,3.0799,854.1
Ogun,NG028,Egbado North,NG028004,7.11276,2.93371,1856.8
Ogun,NG028,Egbado South,NG028005,6.76731,2.95455,728.7
Ogun,NG028,Ewekoro,NG028006,6.97407,3.18656,625.5
Ogun,NG028,Ifo,NG028007,6.76027,3.3179,538.5
Ogun,NG028,Ijebu East,NG028008,6.81815,4.25123,2169.4
Ogun,NG028,Ijebu North,NG028009,7.03213,3.99146,953.7
Ogun,NG028,Ijebu North East,NG028010,6.87089,4.02627,212.2
Ogun,NG028,Ijebu Ode,NG028011,6.76696,3.95963,142.6
Ogun,NG028,Ikenne,NG028012,6.90101,3.69775,145.7
Ogun,NG028,Imeko-Afon,NG028013,7.63288,2.85848,1807.9
Ogun,NG028,Ipokia,NG028014,6.65298,2.79333,572.4
Ogun,NG028,Obafemi-Owode,NG028015,6.96067,3.46963,1474.6
Ogun,NG028,Odeda,NG028016,7.31663,3.52031,1435.5
Ogun,NG028,Odogbolu,NG028017,6.8077,3.8141,547.6
Ogun,NG028,Ogun waterside,NG028018,6.47392,4.36788,969.4
Ogun,NG028,Remo North,NG028019,6.9952,3.71773,209.0
Ogun,NG028,Shagamu,NG028020,6.8077,3.58948,599.4
Ondo,NG029,Akoko North East,NG029001,7.56331,5.9316,344.0
Ondo,NG029,Akoko North West,NG029002,7.63415,5.80536,569.2
Ondo,NG029,Akoko South East,NG029003,7.42249,5.90506,222.0
Ondo,NG029,Akoko South West,NG029004,7.40265,5.7059,489.8
Ondo,NG029,Akure North,NG029005,7.25627,5.32169,675.8
Ondo,NG029,Akure South,NG029006,7.21163,5.17931,308.1
Ondo,NG029,Ese-Odo,NG029007,6.18446,4.99072,1077.2
Ondo,NG029,Idanre,NG029008,6.97582,5.25565,1916.4
Ondo,NG029,Ifedore,NG029009,7.35491,5.10466,317.4
Ondo,NG029,Ilaje,NG029010,6.199,4.75285,963.8
Ondo,NG029,Ile-Oluji-Okeigbo,NG029011,7.23383,4.88389,595.2
Ondo,NG029,Irele,NG029012,6.47853,4.98339,891.4
Ondo,NG029,Odigbo,NG029013,6.73155,4.88544,1878.5
Ondo,NG029,Okitipupa,NG029014,6.56465,4.70834,855.6
Ondo,NG029,Ondo East,NG029015,7.1585,4.88485,448.5
Ondo,NG029,Ondo West,NG029016,6.99201,4.75851,959.4
Ondo,NG029,Ose,NG029017,7.05357,5.75438,1425.3
Ondo,NG029,Owo,NG029018,7.10797,5.59187,1138.3
Osun,NG030,Aiyedade,NG030001,7.32927,4.33975,762.4
Osun,NG030,Aiyedire,NG030002,7.57069,4.23222,302.9
Osun,NG030,Atakumosa East,NG030003,7.41028,4.75237,464.0
Osun,NG030,Atakumosa West,NG030004,7.57096,4.64245,371.6
Osun,NG030,Boluwaduro,NG030005,7.94627,4.81058,148.9
Osun,NG030,Boripe,NG030006,7.8622,4.6703,144.3
Osun,NG030,Ede North,NG030007,7.7317,4.46655,101.8
Osun,NG030,Ede South,NG030008,7.65921,4.46369,215.0
Osun,NG030,Egbedore,NG030009,7.7831,4.43573,268.7
Osun,NG030,Ejigbo,NG030010,7.81093,4.30989,363.4
Osun,NG030,Ife Central,NG030011,7.54637,4.52803,110.7
Osun,NG030,Ife East,NG030012,7.40452,4.57031,191.8
Osun,NG030,Ife North,NG030013,7.29763,4.44975,900.4
Osun,NG030,Ife South,NG030014,7.23899,4.61355,738.1
Osun,NG030,Ifedayo,NG030015,7.96189,4.98481,138.3
Osun,NG030,Ifelodun,NG030016,7.90885,4.63823,119.0
Osun,NG030,Ila,NG030017,7.96999,4.89513,279.2
Osun,NG030,Ilesha East,NG030018,7.60832,4.7609,69.6
Osun,NG030,Ilesha West,NG030019,7.63823,4.72574,42.6
Osun,NG030,Irepodun,NG030020,7.84508,4.49675,30.3
Osun,NG030,Irewole,NG030021,7.41619,4.21866,262.2
Osun,NG030,Isokan,NG030022,7.24858,4.19965,436.7
Osun,NG030,Iwo,NG030023,7.64534,4.14933,272.7
Osun,NG030,Obokun,NG030024,7.77373,4.77081,508.1
Osun,NG030,Odo-Otin,NG030025,8.00744,4.67905,290.9
Osun,NG030,Ola-oluwa,NG030026,7.74574,4.19943,326.1
Osun,NG030,Olorunda,NG030027,7.87489,4.57233,108.5
Osun,NG030,Oriade,NG030028,7.55308,4.86741,460.6
Osun,NG030,Orolu,NG030029,7.90202,4.49106,109.2
Osun,NG030,Osogbo,NG030030,7.74865,4.56886,61.0
Oyo,NG031,Afijio,NG031001,7.74917,3.85701,331.1
Oyo,NG031,Akinyele,NG031002,7.56853,3.89042,596.7
Oyo,NG031,Atiba,NG031003,8.22743,3.86733,1810.2
Oyo,NG031,Atigbo,NG031004,8.4059,3.24729,2884.7
Oyo,NG031,Egbeda,NG031005,7.41118,4.04377,258.5
Oyo,NG031,Ibadan North,NG031006,7.41824,3.90615,38.9
Oyo,NG031,Ibadan North East,NG031007,7.39689,3.93073,13.2
Oyo,NG031,Ibadan North West,NG031008,7.40268,3.87263,11.4
Oyo,NG031,Ibadan South East,NG031009,7.35706,3.90548,14.0
Oyo,NG031,Ibadan South West,NG031010,7.37356,3.85607,48.2
Oyo,NG031,Ibarapa Central,NG031011,7.4549,3.23401,683.6
Oyo,NG031,Ibarapa East,NG031012,7.58799,3.46055,752.5
Oyo,NG031,Ibarapa North,NG031013,7.67452,3.15579,962.7
Oyo,NG031,Ido,NG031014,7.51405,3.70551,865.8
Oyo,NG031,Irepo,NG031015,9.02461,3.88495,978.7
Oyo,NG031,Iseyin,NG031016,8.00415,3.59816,1813.0
Oyo,NG031,Itesiwaju,NG031017,8.20841,3.48529,1540.2
Oyo,NG031,Iwajowa,NG031018,7.98612,2.98693,2387.4
Oyo,NG031,Kajola,NG031019,8.02853,3.35859,604.3
Oyo,NG031,Lagelu,NG031020,7.51317,4.07412,272.8
Oyo,NG031,Ogbomosho North,NG031021,8.15031,4.2492,91.1
Oyo,NG031,Ogbomosho South,NG031022,8.10824,4.19991,29.0
Oyo,NG031,Ogo Oluwa,NG031023,7.97521,4.19383,375.0
Oyo,NG031,Olorunsogo,NG031024,8.79579,4.05649,1057.6
Oyo,NG031,Oluyole,NG031025,7.21716,3.87967,668.0
Oyo,NG031,Ona-Ara,NG031026,7.25287,4.05387,332.4
Oyo,NG031,Orelope,NG031027,8.79413,3.80192,911.7
Oyo,NG031,Ori Ire,NG031028,8.31221,4.18855,2033.7
Oyo,NG031,Oyo East,NG031029,7.82794,4.03344,357.3
Oyo,NG031,Oyo West,NG031030,7.87761,3.82478,595.7
Oyo,NG031,Saki East,NG031031,8.70661,3.63673,1367.7
Oyo,NG031,Saki West,NG031032,8.64507,3.21649,1879.5
Oyo,NG031,Surulere,NG031033,8.08843,4.39842,1036.6
Plateau,NG032,Barikin Ladi,NG032001,9.57406,8.971,996.8
Plateau,NG032,Bassa,NG032002,10.06384,8.80861,1647.6
Plateau,NG032,Bokkos,NG032003,9.22994,8.88951,1721.5
Plateau,NG032,Jos East,NG032004,9.87551,9.1294,1027.7
Plateau,NG032,Jos North,NG032005,9.94377,8.89469,262.2
Plateau,NG032,Jos South,NG032006,9.76105,8.84563,566.2
Plateau,NG032,Kanam,NG032007,9.49114,10.15453,2745.9
Plateau,NG032,Kanke,NG032008,9.36319,9.65549,940.4
Plateau,NG032,Langtang North,NG032009,9.04946,9.82693,782.4
Plateau,NG032,Langtang South,NG032010,8.6261,9.82365,1198.9
Plateau,NG032,Mangu,NG032011,9.36203,9.18466,1609.7
Plateau,NG032,Mikang,NG032012,9.01227,9.5763,785.2
Plateau,NG032,Pankshin,NG032013,9.32505,9.38807,1434.6
Plateau,NG032,Qua'an Pan,NG032014,8.77789,9.12905,2539.9
Plateau,NG032,Riyom,NG032015,9.55646,8.70493,828.5
Plateau,NG032,Shendam,NG032016,8.74797,9.52302,2439.8
Plateau,NG032,Wase,NG032017,9.00435,10.24356,4979.5
Rivers,NG033,Abua/Odual,NG033001,4.84694,6.56003,716.1
Rivers,NG033,Ahoada East,NG033002,5.05207,6.64173,318.2
Rivers,NG033,Ahoada West,NG033003,5.04686,6.51516,440.4
Rivers,NG033,Akuku Toru,NG033004,4.53747,6.70522,1246.9
Rivers,NG033,Andoni,NG033005,4.51008,7.40716,251.2
Rivers,NG033,Asari-Toru,NG033006,4.75515,6.82812,115.0
Rivers,NG033,Bonny,NG033007,4.51007,7.19993,551.5
Rivers,NG033,Degema,NG033008,4.59592,6.94342,986.6
Rivers,NG033,Eleme,NG033009,4.78499,7.14886,136.6
Rivers,NG033,Emohua,NG033010,5.0316,6.76357,833.0
Rivers,NG033,Etche,NG033011,5.07653,7.09264,815.8
Rivers,NG033,Gokana,NG033012,4.65965,7.29152,132.7
Rivers,NG033,Ikwerre,NG033013,5.07052,6.882,658.2
Rivers,NG033,Khana,NG033014,4.67249,7.43229,558.9
Rivers,NG033,Obia/Akpor,NG033015,4.86169,7.02248,257.6
Rivers,NG033,Ogba/Egbema/Ndoni,NG033016,5.44395,6.63688,958.3
Rivers,NG033,Ogu/Bolo,NG033017,4.65075,7.19588,130.0
Rivers,NG033,Okrika,NG033018,4.68063,7.08123,286.4
Rivers,NG033,Omumma,NG033019,5.09842,7.23775,158.8
Rivers,NG033,Opobo/Nkoro,NG033020,4.51237,7.51927,115.0
Rivers,NG033,Oyigbo,NG033021,4.84663,7.30197,247.3
Rivers,NG033,Port-Harcourt,NG033022,4.76686,7.03716,108.2
Rivers,NG033,Tai,NG033023,4.76985,7.26197,160.6
Sokoto,NG034,Binji,NG034001,13.18353,4.79468,828.2
Sokoto,NG034,Bodinga,NG034002,12.79946,5.17945,637.8
Sokoto,NG034,Dange-Shuni,NG034003,12.83257,5.42438,1133.8
Sokoto,NG034,Gada,NG034004,13.67876,5.73794,1515.2
Sokoto,NG034,Goronyo,NG034006,13.34755,5.73657,1708.9
Sokoto,NG034,Gudu,NG034007,13.45893,4.44627,3281.8
Sokoto,NG034,Gwadabawa,NG034005,13.40847,5.33754,1006.3
Sokoto,NG034,Illela,NG034008,13.68276,5.30549,1081.3
Sokoto,NG034,Isa,NG034009,13.20464,6.35745,2164.6
Sokoto,NG034,Kebbe,NG034010,11.91411,4.75351,2625.4
Sokoto,NG034,Kware,NG034011,13.15624,5.28808,595.8
Sokoto,NG034,Rabah,NG034012,12.99761,5.76756,2393.8
Sokoto,NG034,Sabon Birni,NG034013,13.49409,6.24955,2377.4
Sokoto,NG034,Shagari,NG034014,12.53342,5.06738,1310.0
Sokoto,NG034,Silame,NG034015,12.98639,4.79888,798.3
Sokoto,NG034,Sokoto North,NG034016,13.07633,5.22861,40.0
Sokoto,NG034,Sokoto South,NG034017,13.03838,5.25818,28.5
Sokoto,NG034,Tambuwal,NG034018,12.43855,4.92084,1839.1
Sokoto,NG034,Tangaza,NG034019,13.47056,4.97198,2375.1
Sokoto,NG034,Tureta,NG034020,12.48311,5.51175,2299.4
Sokoto,NG034,Wamako,NG034021,13.08037,5.07776,663.4
Sokoto,NG034,Wurno,NG034022,13.23691,5.47059,680.4
Sokoto,NG034,Yabo,NG034023,12.79643,4.94217,768.4
Taraba,NG035,Ardo-Kola,NG035001,8.8471,11.13252,2258.3
Taraba,NG035,Bali,NG035002,8.09063,10.95226,9133.6
Taraba,NG035,Donga,NG035003,7.66502,10.10074,3041.2
Taraba,NG035,Gashaka,NG035004,7.50946,11.33836,8376.6
Taraba,NG035,Gassol,NG035005,8.38282,10.4651,5543.7
Taraba,NG035,Ibi,NG035006,8.39512,9.93281,2669.1
Taraba,NG035,Jalingo,NG035007,8.90558,11.33613,190.4
Taraba,NG035,Karim-Lamido,NG035008,9.14731,10.85802,6612.3
Taraba,NG035,Kurmi,NG035009,7.26632,10.70153,4350.0
Taraba,NG035,Lau,NG035010,9.1939,11.46302,1657.1
Taraba,NG035,Sardauna,NG035011,6.92809,11.23064,4595.6
Taraba,NG035,Takum,NG035012,7.05081,9.79639,2386.5
Taraba,NG035,Ussa,NG035013,7.10408,10.05359,1495.0
Taraba,NG035,Wukari,NG035014,7.98915,9.76844,3936.1
Taraba,NG035,Yorro,NG035015,8.8803,11.50678,1272.6
Taraba,NG035,Zing,NG035016,8.85858,11.76508,1027.5
Yobe,NG036,Bade,NG036001,12.78435,10.67717,833.6
Yobe,NG036,Bursari,NG036002,12.69552,11.44932,3816.7
Yobe,NG036,Damaturu,NG036003,11.82133,12.01903,2343.7
Yobe,NG036,Fika,NG036004,11.35101,11.18298,2151.5
Yobe,NG036,Fune,NG036005,11.88116,11.41166,5475.0
Yobe,NG036,Geidam,NG036006,12.69485,12.14033,3840.8
Yobe,NG036,Gujba,NG036007,11.36383,11.87769,3469.0
Yobe,NG036,Gulani,NG036008,10.89249,11.61491,2129.8
Yobe,NG036,Jakusko,NG036009,12.37117,11.00418,3529.6
Yobe,NG036,Karasuwa,NG036010,12.99798,10.69159,1332.1
Yobe,NG036,Machina,NG036011,13.04006,10.05924,1279.9
Yobe,NG036,Nangere,NG036012,11.80785,11.04563,1043.9
Yobe,NG036,Nguru,NG036013,12.97793,10.38276,816.6
Yobe,NG036,Potiskum,NG036014,11.72969,11.16086,576.0
Yobe,NG036,Tarmua,NG036015,12.22055,11.89564,4525.4
Yobe,NG036,Yunusari,NG036016,13.11157,11.72403,3815.3
Yobe,NG036,Yusufari,NG036017,13.15951,10.54321,3864.6
Zamfara,NG037,Anka,NG037001,11.98526,5.98625,2548.7
Zamfara,NG037,Bakura,NG037002,12.55535,5.86628,1501.6
Zamfara,NG037,Birnin Magaji,NG037003,12.45427,6.86857,1240.0
Zamfara,NG037,Bukkuyum,NG037004,11.95119,5.57416,3296.1
Zamfara,NG037,Bungudu,NG037005,12.03378,6.47127,2031.4
Zamfara,NG037,Gummi,NG037006,12.01338,5.15342,2605.4
Zamfara,NG037,Gusau,NG037007,12.20421,7.01815,2709.4
Zamfara,NG037,Kaura Namoda,NG037008,12.48223,6.56733,866.0
Zamfara,NG037,Maradun,NG037009,12.71545,6.31724,2753.9
Zamfara,NG037,Maru,NG037010,11.64433,6.32646,7215.5
Zamfara,NG037,Shinkafi,NG037011,13.02907,6.45859,782.9
Zamfara,NG037,Talata Mafara,NG037012,12.39615,6.07326,1465.8
Zamfara,NG037,Tsafe,NG037013,11.82517,6.8956,1810.2
Zamfara,NG037,Zurmi,NG037014,12.86328,6.71262,2684.6
